{
  "schemaVersion": 1,
  "id": "pulverizer",
  "version": "${version}",
  "name": "Resource Extractors",
  "description": "Adds a Pulverizer machine, Alloy Forge, and Steel tier equipment for resource processing.",
  "authors": ["Player"],
  "contact": {},
  "license": "MIT",
  "icon": "assets/pulverizer/textures/block/pulverizer_front.png",
  "environment": "*",
  "entrypoints": {
    "main": ["com.pulverizer.PulverizerMod"],
    "client": ["com.pulverizer.PulverizerModClient"]
  },
  "depends": {
    "fabricloader": ">=0.16.0",
    "minecraft": "~1.21.1",
    "java": ">=21",
    "fabric-api": "*"
  }
}
