{
  "variants": {
    "facing=north,lit=false": { "model": "pulverizer:block/alloy_forge" },
    "facing=south,lit=false": { "model": "pulverizer:block/alloy_forge", "y": 180 },
    "facing=west,lit=false": { "model": "pulverizer:block/alloy_forge", "y": 270 },
    "facing=east,lit=false": { "model": "pulverizer:block/alloy_forge", "y": 90 },
    "facing=north,lit=true": { "model": "pulverizer:block/alloy_forge_on" },
    "facing=south,lit=true": { "model": "pulverizer:block/alloy_forge_on", "y": 180 },
    "facing=west,lit=true": { "model": "pulverizer:block/alloy_forge_on", "y": 270 },
    "facing=east,lit=true": { "model": "pulverizer:block/alloy_forge_on", "y": 90 }
  }
}
