{
  "variants": {
    "facing=north,lit=false,top_frame=1": {
      "model": "pulverizer:block/pulverizer_frame1"
    },
    "facing=north,lit=false,top_frame=2": {
      "model": "pulverizer:block/pulverizer_frame2"
    },
    "facing=north,lit=false,top_frame=3": {
      "model": "pulverizer:block/pulverizer_frame3"
    },
    "facing=north,lit=false,top_frame=4": {
      "model": "pulverizer:block/pulverizer_frame4"
    },
    "facing=north,lit=true,top_frame=1": {
      "model": "pulverizer:block/pulverizer_on_frame1"
    },
    "facing=north,lit=true,top_frame=2": {
      "model": "pulverizer:block/pulverizer_on_frame2"
    },
    "facing=north,lit=true,top_frame=3": {
      "model": "pulverizer:block/pulverizer_on_frame3"
    },
    "facing=north,lit=true,top_frame=4": {
      "model": "pulverizer:block/pulverizer_on_frame4"
    },
    "facing=south,lit=false,top_frame=1": {
      "model": "pulverizer:block/pulverizer_frame1",
      "y": 180
    },
    "facing=south,lit=false,top_frame=2": {
      "model": "pulverizer:block/pulverizer_frame2",
      "y": 180
    },
    "facing=south,lit=false,top_frame=3": {
      "model": "pulverizer:block/pulverizer_frame3",
      "y": 180
    },
    "facing=south,lit=false,top_frame=4": {
      "model": "pulverizer:block/pulverizer_frame4",
      "y": 180
    },
    "facing=south,lit=true,top_frame=1": {
      "model": "pulverizer:block/pulverizer_on_frame1",
      "y": 180
    },
    "facing=south,lit=true,top_frame=2": {
      "model": "pulverizer:block/pulverizer_on_frame2",
      "y": 180
    },
    "facing=south,lit=true,top_frame=3": {
      "model": "pulverizer:block/pulverizer_on_frame3",
      "y": 180
    },
    "facing=south,lit=true,top_frame=4": {
      "model": "pulverizer:block/pulverizer_on_frame4",
      "y": 180
    },
    "facing=west,lit=false,top_frame=1": {
      "model": "pulverizer:block/pulverizer_frame1",
      "y": 270
    },
    "facing=west,lit=false,top_frame=2": {
      "model": "pulverizer:block/pulverizer_frame2",
      "y": 270
    },
    "facing=west,lit=false,top_frame=3": {
      "model": "pulverizer:block/pulverizer_frame3",
      "y": 270
    },
    "facing=west,lit=false,top_frame=4": {
      "model": "pulverizer:block/pulverizer_frame4",
      "y": 270
    },
    "facing=west,lit=true,top_frame=1": {
      "model": "pulverizer:block/pulverizer_on_frame1",
      "y": 270
    },
    "facing=west,lit=true,top_frame=2": {
      "model": "pulverizer:block/pulverizer_on_frame2",
      "y": 270
    },
    "facing=west,lit=true,top_frame=3": {
      "model": "pulverizer:block/pulverizer_on_frame3",
      "y": 270
    },
    "facing=west,lit=true,top_frame=4": {
      "model": "pulverizer:block/pulverizer_on_frame4",
      "y": 270
    },
    "facing=east,lit=false,top_frame=1": {
      "model": "pulverizer:block/pulverizer_frame1",
      "y": 90
    },
    "facing=east,lit=false,top_frame=2": {
      "model": "pulverizer:block/pulverizer_frame2",
      "y": 90
    },
    "facing=east,lit=false,top_frame=3": {
      "model": "pulverizer:block/pulverizer_frame3",
      "y": 90
    },
    "facing=east,lit=false,top_frame=4": {
      "model": "pulverizer:block/pulverizer_frame4",
      "y": 90
    },
    "facing=east,lit=true,top_frame=1": {
      "model": "pulverizer:block/pulverizer_on_frame1",
      "y": 90
    },
    "facing=east,lit=true,top_frame=2": {
      "model": "pulverizer:block/pulverizer_on_frame2",
      "y": 90
    },
    "facing=east,lit=true,top_frame=3": {
      "model": "pulverizer:block/pulverizer_on_frame3",
      "y": 90
    },
    "facing=east,lit=true,top_frame=4": {
      "model": "pulverizer:block/pulverizer_on_frame4",
      "y": 90
    }
  }
}